{
  "timestamp": "2026-06-10T15:30:26.589415+00:00",
  "train_samples": 277474,
  "production_samples": 10,
  "features_with_drift": 7,
  "drifted_features": [
    "danceability",
    "energy",
    "loudness",
    "instrumentalness",
    "liveness",
    "valence",
    "duration_ms"
  ],
  "details": {
    "danceability": {
      "ks_statistic": 0.8445620130174358,
      "p_value": 1.6550059065909574e-08,
      "drift_detected": true,
      "train_mean": 0.5166867122685369,
      "prod_mean": 0.7
    },
    "energy": {
      "ks_statistic": 0.6294247388944549,
      "p_value": 0.01930547738170883,
      "drift_detected": true,
      "train_mean": 0.6498807328448791,
      "prod_mean": 0.8
    },
    "key": {
      "ks_statistic": 0.4913541448928548,
      "p_value": 0.12391716840046663,
      "drift_detected": false,
      "train_mean": 5.2819147019180175,
      "prod_mean": 5.0
    },
    "loudness": {
      "ks_statistic": 0.8106164901936758,
      "p_value": 0.0004872376059068379,
      "drift_detected": true,
      "train_mean": -8.650665619121071,
      "prod_mean": -5.0
    },
    "mode": {
      "ks_statistic": 0.3007849384086437,
      "p_value": 0.6609093280876526,
      "drift_detected": false,
      "train_mean": 0.6992150615913563,
      "prod_mean": 1.0
    },
    "speechiness": {
      "ks_statistic": 0.535588920042959,
      "p_value": 0.0720628173004218,
      "drift_detected": false,
      "train_mean": 0.08129387762457023,
      "prod_mean": 0.05
    },
    "acousticness": {
      "ks_statistic": 0.5016938523969814,
      "p_value": 0.10977113329225432,
      "drift_detected": false,
      "train_mean": 0.2717145350108839,
      "prod_mean": 0.1
    },
    "instrumentalness": {
      "ks_statistic": 0.751540684892999,
      "p_value": 0.0019351232155828146,
      "drift_detected": true,
      "train_mean": 0.11149589580360682,
      "prod_mean": 0.0
    },
    "liveness": {
      "ks_statistic": 0.6200797191808962,
      "p_value": 0.022328243003410925,
      "drift_detected": true,
      "train_mean": 0.22992920925924593,
      "prod_mean": 0.2
    },
    "valence": {
      "ks_statistic": 0.6303113084469175,
      "p_value": 0.019036512756024002,
      "drift_detected": true,
      "train_mean": 0.49685861028420686,
      "prod_mean": 0.6
    },
    "tempo": {
      "ks_statistic": 0.5025371746542018,
      "p_value": 0.10867421788350679,
      "drift_detected": false,
      "train_mean": 121.91163683804608,
      "prod_mean": 120.0
    },
    "duration_ms": {
      "ks_statistic": 0.571949083517735,
      "p_value": 0.04445654628704592,
      "drift_detected": true,
      "train_mean": 241601.9017169176,
      "prod_mean": 240000.0
    }
  },
  "drift_percentage": 58.333333333333336,
  "status": "DRIFT_DETECTED"
}