{
  "timestamp": "2026-06-09T01:18:13.059382+00:00",
  "train_samples": 277474,
  "production_samples": 17,
  "features_with_drift": 11,
  "drifted_features": [
    "danceability",
    "energy",
    "key",
    "loudness",
    "speechiness",
    "acousticness",
    "instrumentalness",
    "liveness",
    "valence",
    "tempo",
    "duration_ms"
  ],
  "details": {
    "danceability": {
      "ks_statistic": 0.8445620130174358,
      "p_value": 3.7754597885218544e-14,
      "drift_detected": true,
      "train_mean": 0.5166867122685369,
      "prod_mean": 0.7
    },
    "energy": {
      "ks_statistic": 0.6294247388944549,
      "p_value": 9.523137210606506e-05,
      "drift_detected": true,
      "train_mean": 0.6498807328448791,
      "prod_mean": 0.8
    },
    "key": {
      "ks_statistic": 0.4913541448928548,
      "p_value": 0.0056673006303819,
      "drift_detected": true,
      "train_mean": 5.2819147019180175,
      "prod_mean": 5.0
    },
    "loudness": {
      "ks_statistic": 0.8106164901936758,
      "p_value": 2.400909700521468e-08,
      "drift_detected": true,
      "train_mean": -8.650665619121071,
      "prod_mean": -5.0
    },
    "mode": {
      "ks_statistic": 0.3007849384086437,
      "p_value": 0.22274232081819334,
      "drift_detected": false,
      "train_mean": 0.6992150615913563,
      "prod_mean": 1.0
    },
    "speechiness": {
      "ks_statistic": 0.535588920042959,
      "p_value": 0.0017794147286836735,
      "drift_detected": true,
      "train_mean": 0.08129387762457023,
      "prod_mean": 0.06818181818181818
    },
    "acousticness": {
      "ks_statistic": 0.5016938523969814,
      "p_value": 0.004373352688713536,
      "drift_detected": true,
      "train_mean": 0.2717145350108839,
      "prod_mean": 0.1
    },
    "instrumentalness": {
      "ks_statistic": 0.47881341216572626,
      "p_value": 0.007691156588615744,
      "drift_detected": true,
      "train_mean": 0.11149589580360682,
      "prod_mean": 0.10909090909090911
    },
    "liveness": {
      "ks_statistic": 0.6200797191808962,
      "p_value": 0.00013161410499152289,
      "drift_detected": true,
      "train_mean": 0.22992920925924593,
      "prod_mean": 0.2
    },
    "valence": {
      "ks_statistic": 0.6303113084469175,
      "p_value": 9.231567180963207e-05,
      "drift_detected": true,
      "train_mean": 0.49685861028420686,
      "prod_mean": 0.6909090909090909
    },
    "tempo": {
      "ks_statistic": 0.5025371746542018,
      "p_value": 0.00428057864788867,
      "drift_detected": true,
      "train_mean": 121.91163683804608,
      "prod_mean": 120.0
    },
    "duration_ms": {
      "ks_statistic": 0.571949083517735,
      "p_value": 0.0006203680578799047,
      "drift_detected": true,
      "train_mean": 241601.9017169176,
      "prod_mean": 240000.0
    }
  },
  "drift_percentage": 91.66666666666666,
  "status": "DRIFT_DETECTED"
}